{"cameraMode":{"drawMode":0,"name":"Shaded","section":"Shading Mode"},"sceneLighting":true,"audioPlay":false,"sceneViewState":{"m_AlwaysRefresh":false,"showFog":true,"showSkybox":true,"showFlares":true,"showImageEffects":true,"showParticleSystems":true,"showVisualEffectGraphs":true,"m_FxEnabled":true},"in2DMode":false,"pivot":{"x":0.054522037506103519,"y":-2.373953342437744,"z":-0.05512094497680664},"rotation":{"x":-0.11220358312129975,"y":-0.38095149397850039,"z":0.0466342531144619,"w":-0.9165762662887573},"size":3.2034597396850588,"orthographic":true}